Name,Month,Year,Date
Kotlin Heroes: Episode 11,September,2024,30
Codeforces Round 976 (Div. 2) and Divide By Zero 9.0,September,2024,29
Codeforces Round 975 (Div. 1),September,2024,27
Codeforces Round 975 (Div. 2),September,2024,27
Codeforces Round 974 (Div. 3),September,2024,21
Codeforces Round 973 (Div. 2),September,2024,20
Kotlin Heroes: Practice 11,September,2024,17
2024 ICPC World Finals: JetBrains Tech Trek,September,2024,17
Codeforces Round 972 (Div. 2),September,2024,14
Codeforces Round 971 (Div. 4),September,2024,03
Codeforces Round 970 (Div. 3),September,2024,01
Codeforces Round 969 (Div. 1),August,2024,30
Codeforces Round 969 (Div. 2),August,2024,30
Testing Round 19 (Div. 3),August,2024,29
Codeforces Round 968 (Div. 2),August,2024,25
Codeforces Round 967 (Div. 2),August,2024,20
Educational Codeforces Round 169 (Rated for Div. 2),August,2024,15
Codeforces Round 966 (Div. 3),August,2024,13
EPIC Institute of Technology Round August 2024 (Div. 1 + Div. 2),August,2024,11
Codeforces Round 965 (Div. 2),August,2024,10
Codeforces Round 964 (Div. 4),August,2024,06
Codeforces Round 963 (Div. 2),August,2024,04
Educational Codeforces Round 168 (Rated for Div. 2),July,2024,30
Pinely Round 4 (Div. 1 + Div. 2),July,2024,28
Codeforces Round 962 (Div. 3),July,2024,26
Codeforces Round 961 (Div. 2),July,2024,23
Codeforces Round 960 (Div. 2),July,2024,20
Codeforces Round 959 sponsored by NEAR (Div. 1 + Div. 2),July,2024,18
Codeforces Round 958 (Div. 2),July,2024,15
Codeforces Round 957 (Div. 3),July,2024,11
Codeforces Round 956 (Div. 2) and ByteRace 2024,July,2024,07
EPIC Institute of Technology Round Summer 2024 (Div. 1 + Div. 2),June,2024,30
Educational Codeforces Round 167 (Rated for Div. 2),June,2024,27
"Codeforces Round 955 (Div. 2, with prizes from NEAR!)",June,2024,25
Codeforces Round 954 (Div. 3),June,2024,23
Codeforces Round 953 (Div. 2),June,2024,16
Codeforces Round 952 (Div. 4),June,2024,11
Codeforces Global Round 26,June,2024,09
Codeforces Round 951 (Div. 2),June,2024,06
Codeforces Round 950 (Div. 3),June,2024,03
Codeforces Round 949 (Div. 2),May,2024,31
Educational Codeforces Round 166 (Rated for Div. 2),May,2024,30
Codeforces Round 948 (Div. 2),May,2024,26
Codeforces Round 947 (Div. 1 + Div. 2),May,2024,25
Codeforces Round 946 (Div. 3),May,2024,20
Codeforces Round 945 (Div. 2),May,2024,17
Kotlin Heroes: Episode 10,May,2024,13
Codeforces Round 944 (Div. 4),May,2024,10
Kotlin Heroes: Practice 10,May,2024,07
2023 Post World Finals Online ICPC Challenge powered by Huawei,May,2024,06
"Helvetic Coding Contest 2024 online mirror (teams allowed, unrated)",May,2024,04
Codeforces Round 943 (Div. 3),May,2024,02
Codeforces Round 942 (Div. 1),April,2024,30
Codeforces Round 942 (Div. 2),April,2024,30
Educational Codeforces Round 165 (Rated for Div. 2),April,2024,29
Codeforces Round 941 (Div. 1),April,2024,27
Codeforces Round 941 (Div. 2),April,2024,27
Codeforces Round 940 (Div. 2) and CodeCraft-23,April,2024,21
Codeforces Round 939 (Div. 2),April,2024,13
Educational Codeforces Round 164 (Rated for Div. 2),April,2024,12
Codeforces Round 938 (Div. 3),April,2024,08
Codeforces Global Round 25,April,2024,06
April Fools Day Contest 2024,April,2024,01
"CodeTON Round 8 (Div. 1 + Div. 2, Rated, Prizes!)",March,2024,30
Codeforces Round 937 (Div. 4),March,2024,28
"European Championship 2024 - Online Mirror (Unrated, ICPC Rules, Teams Preferred)",March,2024,24
Codeforces Round 936 (Div. 2),March,2024,22
Codeforces Round 935 (Div. 3),March,2024,19
Codeforces Round 934 (Div. 1),March,2024,16
Codeforces Round 934 (Div. 2),March,2024,16
Educational Codeforces Round 163 (Rated for Div. 2),March,2024,15
Codeforces Round 933 (Div. 3),March,2024,11
"XVIII Open Olympiad in Informatics - Final Stage, Day 2 (Unrated, Online Mirror, IOI rules)",March,2024,09
"XVIII Open Olympiad in Informatics - Final Stage, Day 1 (Unrated, Online Mirror, IOI rules)",March,2024,08
Codeforces Round 932 (Div. 2),March,2024,05
"2024 ICPC Asia Pacific Championship - Online Mirror (Unrated, Online Mirror, ICPC Rules, Teams Preferred)",March,2024,02
Codeforces Round 931 (Div. 2),March,2024,01
Codeforces Round 930 (Div. 1),February,2024,29
Codeforces Round 930 (Div. 2),February,2024,29
Codeforces Round 929 (Div. 3),February,2024,27
Educational Codeforces Round 162 (Rated for Div. 2),February,2024,23
Codeforces Round 928 (Div. 4),February,2024,19
Codeforces Round 927 (Div. 3),February,2024,18
think-cell Round 1,February,2024,17
Codeforces Round 926 (Div. 2),February,2024,15
Codeforces Round 925 (Div. 3),February,2024,13
Codeforces Round 924 (Div. 2),February,2024,11
Codeforces Round 923 (Div. 3),February,2024,06
Codeforces Round 922 (Div. 2),January,2024,30
Codeforces Round 921 (Div. 1),January,2024,27
Codeforces Round 921 (Div. 2),January,2024,27
Educational Codeforces Round 161 (Rated for Div. 2),January,2024,18
Codeforces Round 920 (Div. 3),January,2024,15
Codeforces Round 919 (Div. 2),January,2024,13
Hello 2024,January,2024,06
Good Bye 2023,December,2023,30
Codeforces Round 918 (Div. 4),December,2023,28
Codeforces Round 917 (Div. 2),December,2023,24
Pinely Round 3 (Div. 1 + Div. 2),December,2023,23
Codeforces Round 916 (Div. 3),December,2023,19
Educational Codeforces Round 160 (Rated for Div. 2),December,2023,18
Codeforces Round 915 (Div. 2),December,2023,16
"2023-2024 ICPC, NERC, Northern Eurasia Onsite (Unrated, Online Mirror, ICPC Rules, Teams Preferred)",December,2023,13
"Kotlin Heroes: Episode 9 (Unrated, T-Shirts + Prizes!)",December,2023,11
Codeforces Round 914 (Div. 2),December,2023,10
Codeforces Round 913 (Div. 3),December,2023,05
Educational Codeforces Round 159 (Rated for Div. 2),December,2023,03
"2023-2024 ICPC, Asia Jakarta Regional Contest (Online Mirror, Unrated, ICPC Rules, Teams Preferred)",December,2023,03
Kotlin Heroes: Practice 9 (release 2),December,2023,01
Codeforces Round 912 (Div. 2),December,2023,01
Codeforces Round 911 (Div. 2),November,2023,26
"CodeTON Round 7 (Div. 1 + Div. 2, Rated, Prizes!)",November,2023,25
Educational Codeforces Round 158 (Rated for Div. 2),November,2023,24
ICPC 2023 Online Challenge powered by Huawei,November,2023,20
Codeforces Round 910 (Div. 2),November,2023,19
Codeforces Round 909 (Div. 3),November,2023,17
Codeforces Round 908 (Div. 1),November,2023,07
Codeforces Round 908 (Div. 2),November,2023,07
Educational Codeforces Round 157 (Rated for Div. 2),November,2023,03
Codeforces Round 907 (Div. 2),October,2023,30
Codeforces Round 906 (Div. 1),October,2023,28
Codeforces Round 906 (Div. 2),October,2023,28
Codeforces Round 905 (Div. 1),October,2023,22
Codeforces Round 905 (Div. 2),October,2023,22
Codeforces Round 905 (Div. 3),October,2023,22
Codeforces Round 904 (Div. 2),October,2023,22
Codeforces Round 903 (Div. 3),October,2023,12
Educational Codeforces Round 156 (Rated for Div. 2),October,2023,09
"Codeforces Round 902 (Div. 1, based on COMPFEST 15 - Final Round)",October,2023,08
"Codeforces Round 902 (Div. 2, based on COMPFEST 15 - Final Round)",October,2023,08
Codeforces Round 901 (Div. 1),September,2023,30
Codeforces Round 901 (Div. 2),September,2023,30
Codeforces Round 900 (Div. 3),September,2023,26
Codeforces Round 899 (Div. 2),September,2023,25
Educational Codeforces Round 155 (Rated for Div. 2),September,2023,24
Codeforces Round 898 (Div. 4),September,2023,21
"CodeTON Round 6 (Div. 1 + Div. 2, Rated, Prizes!)",September,2023,18
Codeforces Round 897 (Div. 2),September,2023,11
Codeforces Round 896 (Div. 1),September,2023,10
Codeforces Round 896 (Div. 2),September,2023,10
Codeforces Round 895 (Div. 3),September,2023,07
"COMPFEST 15 - Preliminary Online Mirror (Unrated, ICPC Rules, Teams Preferred)",September,2023,03
Educational Codeforces Round 154 (Rated for Div. 2),August,2023,31
Pinely Round 2 (Div. 1 + Div. 2),August,2023,30
Harbour.Space Scholarship Contest 2023-2024 (Div. 1 + Div. 2),August,2023,26
Codeforces Round 894 (Div. 3),August,2023,24
Educational Codeforces Round 153 (Rated for Div. 2),August,2023,17
Codeforces Round 893 (Div. 2),August,2023,15
Codeforces Round 892 (Div. 2),August,2023,12
Codeforces Round 891 (Div. 3),August,2023,07
Codeforces Round 890 (Div. 2) supported by Constructor Institute,August,2023,05
Codeforces Round 889 (Div. 1),July,2023,29
Codeforces Round 889 (Div. 2),July,2023,29
Educational Codeforces Round 152 (Rated for Div. 2),July,2023,27
Codeforces Round 888 (Div. 3),July,2023,25
Codeforces Round 887 (Div. 1),July,2023,23
Codeforces Round 887 (Div. 2),July,2023,23
Codeforces Round 886 (Div. 4),July,2023,21
Codeforces Round 885 (Div. 2),July,2023,16
Codeforces Round 884 (Div. 1 + Div. 2),July,2023,11
Codeforces Round 883 (Div. 3),July,2023,07
Codeforces Round 882 (Div. 2),July,2023,06
Educational Codeforces Round 151 (Rated for Div. 2),June,2023,29
"CodeTON Round 5 (Div. 1 + Div. 2, Rated, Prizes!)",June,2023,24
Codeforces Round 881 (Div. 3),June,2023,20
Codeforces Round 880 (Div. 1),June,2023,18
Codeforces Round 880 (Div. 2),June,2023,18
Codeforces Round 879 (Div. 2),June,2023,18
Educational Codeforces Round 150 (Rated for Div. 2),June,2023,12
Codeforces Round 878 (Div. 3),June,2023,06
Codeforces Round 877 (Div. 2),June,2023,04
Codeforces Round 876 (Div. 2),June,2023,03
Codeforces Round 875 (Div. 1),May,2023,28
Codeforces Round 875 (Div. 2),May,2023,28
Educational Codeforces Round 149 (Rated for Div. 2),May,2023,25
Codeforces Round 874 (Div. 3),May,2023,19
Codeforces Round 873 (Div. 1),May,2023,14
Codeforces Round 873 (Div. 2),May,2023,14
Educational Codeforces Round 148 (Rated for Div. 2),May,2023,12
Codeforces Round 872 (Div. 1),May,2023,08
Codeforces Round 872 (Div. 2),May,2023,08
Codeforces Round 871 (Div. 4),May,2023,06
Codeforces Round 870 (Div. 2),May,2023,05
Codeforces Round 869 (Div. 1),April,2023,29
Codeforces Round 869 (Div. 2),April,2023,29
Codeforces Round 868 (Div. 2),April,2023,27
Codeforces Round 867 (Div. 3),April,2023,24
Educational Codeforces Round 147 (Rated for Div. 2),April,2023,20
Codeforces Round 866 (Div. 1),April,2023,15
Codeforces Round 866 (Div. 2),April,2023,15
ICPC 2023 Online Spring Challenge powered by Huawei,April,2023,13
Codeforces Round 865 (Div. 1),April,2023,09
Codeforces Round 865 (Div. 2),April,2023,09
Codeforces Round 864 (Div. 2),April,2023,08
Educational Codeforces Round 146 (Rated for Div. 2),April,2023,06
Codeforces Round 863 (Div. 3),April,2023,04
Codeforces Round 862 (Div. 2),April,2023,02
April Fools Day Contest 2023,April,2023,01
"CodeTON Round 4 (Div. 1 + Div. 2, Rated, Prizes!)",March,2023,31
Codeforces Round 861 (Div. 2),March,2023,29
Codeforces Round 860 (Div. 2),March,2023,26
Educational Codeforces Round 145 (Rated for Div. 2),March,2023,23
Codeforces Round 859 (Div. 4),March,2023,19
Codeforces Round 858 (Div. 2),March,2023,18
Nebius Welcome Round (Div. 1 + Div. 2),March,2023,12
Codeforces Round 857 (Div. 1),March,2023,09
Codeforces Round 857 (Div. 2),March,2023,09
Codeforces Round 856 (Div. 2),March,2023,05
Codeforces Round 855 (Div. 3),March,2023,02
Educational Codeforces Round 144 (Rated for Div. 2),February,2023,28
Codeforces Round 854 by cybercats (Div. 1 + Div. 2),February,2023,27
Codeforces Round 853 (Div. 2),February,2023,25
"SWERC 2022-2023 - Online Mirror (Unrated, ICPC Rules, Teams Preferred)",February,2023,19
Educational Codeforces Round 143 (Rated for Div. 2),February,2023,16
Codeforces Round 852 (Div. 2),February,2023,12
Codeforces Round 851 (Div. 2),February,2023,09
"Codeforces Round 850 (Div. 1, based on VK Cup 2022 - Final Round)",February,2023,05
"Codeforces Round 850 (Div. 2, based on VK Cup 2022 - Final Round)",February,2023,05
Codeforces Round 849 (Div. 4),February,2023,03
Codeforces Round 848 (Div. 2),February,2023,01
"TypeDB Forces 2023 (Div. 1 + Div. 2, Rated, Prizes!)",January,2023,29
Codeforces Round 847 (Div. 3),January,2023,27
Codeforces Round 846 (Div. 2),January,2023,25
Educational Codeforces Round 142 (Rated for Div. 2),January,2023,24
Codeforces Round 845 (Div. 2) and ByteRace 2023,January,2023,21
"Codeforces Round 844 (Div. 1 + Div. 2, based on VK Cup 2022 - Elimination Round)",January,2023,15
Codeforces Round 843 (Div. 2),January,2023,10
Educational Codeforces Round 141 (Rated for Div. 2),January,2023,08
Codeforces Round 842 (Div. 2),January,2023,05
Hello 2023,January,2023,03
Good Bye 2022: 2023 is NEAR,December,2022,30
Codeforces Round 841 (Div. 2) and Divide by Zero 2022,December,2022,27
Codeforces Round 840 (Div. 2) and Enigma 2022 - Cybros LNMIIT,December,2022,19
Codeforces Round 839 (Div. 3),December,2022,18
"Polynomial Round 2022 (Div. 1 + Div. 2, Rated, Prizes!)",December,2022,17
Educational Codeforces Round 140 (Rated for Div. 2),December,2022,16
Codeforces Round 838 (Div. 2),December,2022,15
Educational Codeforces Round 139 (Rated for Div. 2),December,2022,12
Codeforces Round 837 (Div. 2),December,2022,11
"2022-2023 ICPC, NERC, Northern Eurasia Onsite (Unrated, Online Mirror, ICPC Rules, Teams Preferred)",December,2022,07
"2022-2023 ICPC, NERC, Southern and Volga Russian Regional Contest (Online Mirror, ICPC Rules, Preferably Teams)",November,2022,27
Codeforces Global Round 24,November,2022,26
Codeforces Round 836 (Div. 2),November,2022,25
Codeforces Round 835 (Div. 4),November,2022,21
Pinely Round 1 (Div. 1 + Div. 2),November,2022,20
Codeforces Round 834 (Div. 3),November,2022,18
45th ICPC World Finals Challenge powered by Huawei - Problem 1,November,2022,17
45th ICPC World Finals Challenge powered by Huawei - Problem 2,November,2022,17
Codeforces Round 833 (Div. 2),November,2022,12
Ecnerwala vs Errichto Kotlin Match,November,2022,07
"CodeTON Round 3 (Div. 1 + Div. 2, Rated, Prizes!)",November,2022,06
Codeforces Round 832 (Div. 2),November,2022,04
Codeforces Round 831 (Div. 1 + Div. 2),October,2022,29
Codeforces Round 830 (Div. 2),October,2022,23
Codeforces Round 829 (Div. 1),October,2022,23
Codeforces Round 829 (Div. 2),October,2022,23
Educational Codeforces Round 138 (Rated for Div. 2),October,2022,20
Educational Codeforces Round 137 (Rated for Div. 2),October,2022,17
Codeforces Round 828 (Div. 3),October,2022,16
Codeforces Global Round 23,October,2022,15
Codeforces Round 827 (Div. 4),October,2022,13
Codeforces Round 826 (Div. 3),October,2022,11
Codeforces Round 825 (Div. 2),October,2022,10
Dytechlab Cup 2022,October,2022,07
Codeforces Round 824 (Div. 2),October,2022,02
Codeforces Global Round 22,September,2022,30
Educational Codeforces Round 136 (Rated for Div. 2),September,2022,29
Codeforces Round 823 (Div. 2),September,2022,25
Codeforces Round 822 (Div. 2),September,2022,23
Codeforces Round 821 (Div. 2),September,2022,19
ICPC 2022 Online Challenge powered by HUAWEI - Problem 1,September,2022,15
ICPC 2022 Online Challenge powered by HUAWEI - Problem 2,September,2022,15
Codeforces Round 820 (Div. 3),September,2022,12
Educational Codeforces Round 135 (Rated for Div. 2),September,2022,08
Codeforces Round 819 (Div. 1 + Div. 2) and Grimoire of Code Annual Contest 2022,September,2022,06
"COMPFEST 14 - Preliminary Online Mirror (Unrated, ICPC Rules, Teams Preferred)",September,2022,04
Codeforces Round 818 (Div. 2),September,2022,02
Codeforces Round 817 (Div. 4),August,2022,30
Educational Codeforces Round 134 (Rated for Div. 2),August,2022,27
Codeforces Round 816 (Div. 2),August,2022,20
Codeforces Round 815 (Div. 2),August,2022,18
Codeforces Round 814 (Div. 1),August,2022,16
Codeforces Round 814 (Div. 2),August,2022,16
Codeforces Round 813 (Div. 2),August,2022,13
Codeforces Round 812 (Div. 2),August,2022,06
Educational Codeforces Round 133 (Rated for Div. 2),August,2022,04
Codeforces Round 811 (Div. 3),August,2022,01
"CodeTON Round 2 (Div. 1 + Div. 2, Rated, Prizes!)",July,2022,31
Codeforces Round 810 (Div. 1),July,2022,24
Codeforces Round 810 (Div. 2),July,2022,24
Educational Codeforces Round 132 (Rated for Div. 2),July,2022,21
Codeforces Round 809 (Div. 2),July,2022,18
Codeforces Round 808 (Div. 1),July,2022,16
Codeforces Round 808 (Div. 2),July,2022,16
Codeforces Round 807 (Div. 2),July,2022,15
Codeforces Round 806 (Div. 4),July,2022,12
Codeforces Round 805 (Div. 3),July,2022,10
Educational Codeforces Round 131 (Rated for Div. 2),July,2022,08
Codeforces Round 804 (Div. 2),July,2022,04
Codeforces Round 803 (Div. 2),June,2022,28
Codeforces Global Round 21,June,2022,25
Codeforces Round 802 (Div. 2),June,2022,19
Codeforces Round 801 (Div. 2) and EPIC Institute of Technology Round,June,2022,18
Codeforces Round 800 (Div. 1),June,2022,16
Codeforces Round 800 (Div. 2),June,2022,16
Codeforces Round 799 (Div. 4),June,2022,14
Educational Codeforces Round 130 (Rated for Div. 2),June,2022,12
Codeforces Round 798 (Div. 2),June,2022,11
Codeforces Round 797 (Div. 3),June,2022,07
Codeforces Round 796 (Div. 1),June,2022,03
Codeforces Round 796 (Div. 2),June,2022,03
CodeCraft-22 and Codeforces Round 795 (Div. 2),May,2022,31
Codeforces Round 794 (Div. 1),May,2022,26
Codeforces Round 794 (Div. 2),May,2022,26
Educational Codeforces Round 129 (Rated for Div. 2),May,2022,23
Codeforces Round 793 (Div. 2),May,2022,22
Codeforces Round 792 (Div. 1 + Div. 2),May,2022,19
Codeforces Round 791 (Div. 2),May,2022,14
Educational Codeforces Round 128 (Rated for Div. 2),May,2022,13
Codeforces Round 790 (Div. 4),May,2022,10
Codeforces Round 789 (Div. 1),May,2022,08
Codeforces Round 789 (Div. 2),May,2022,08
Codeforces Round 788 (Div. 2),May,2022,06
Codeforces Round 787 (Div. 3),May,2022,05
Codeforces Round 786 (Div. 3),May,2022,02
Codeforces Round 785 (Div. 2),April,2022,30
"SWERC 2021-2022 - Online Mirror (Unrated, ICPC Rules, Teams Preferred)",April,2022,24
Codeforces Global Round 20,April,2022,23
Educational Codeforces Round 127 (Rated for Div. 2),April,2022,22
Codeforces Round 784 (Div. 4),April,2022,21
Codeforces Round 783 (Div. 1),April,2022,19
Codeforces Round 783 (Div. 2),April,2022,19
Codeforces Round 782 (Div. 2),April,2022,17
"2021-2022 ICPC, NERC, Northern Eurasia Onsite (Unrated, Online Mirror, ICPC Rules, Teams Preferred)",April,2022,13
Educational Codeforces Round 126 (Rated for Div. 2),April,2022,09
Codeforces Round 781 (Div. 2),April,2022,08
April Fools Day Contest 2022,April,2022,01
Codeforces Round 780 (Div. 3),March,2022,31
Codeforces Round 779 (Div. 2),March,2022,27
"CodeTON Round 1 (Div. 1 + Div. 2, Rated, Prizes!)",March,2022,24
Educational Codeforces Round 125 (Rated for Div. 2),March,2022,22
"Codeforces Round 778 (Div. 1 + Div. 2, based on Technocup 2022 Final Round)",March,2022,20
Технокубок 2022 - Финал,March,2022,20
Codeforces Round 777 (Div. 2),March,2022,11
Educational Codeforces Round 124 (Rated for Div. 2),March,2022,10
Codeforces Round 776 (Div. 3),March,2022,08
"Codeforces Round 775 (Div. 1, based on Moscow Open Olympiad in Informatics)",March,2022,06
"Codeforces Round 775 (Div. 2, based on Moscow Open Olympiad in Informatics)",March,2022,06
Codeforces Round 774 (Div. 2),March,2022,04
Codeforces Round 773 (Div. 1),February,2022,23
Codeforces Round 773 (Div. 2),February,2022,23
Educational Codeforces Round 123 (Rated for Div. 2),February,2022,22
Codeforces Round 772 (Div. 2),February,2022,20
Codeforces Round 771 (Div. 2),February,2022,14
Codeforces Global Round 19,February,2022,12
Codeforces Round 770 (Div. 2),February,2022,06
Pinely Treasure Hunt Contest,February,2022,05
Educational Codeforces Round 122 (Rated for Div. 2),January,2022,31
Codeforces Round 769 (Div. 2),January,2022,30
Codeforces Round 768 (Div. 1),January,2022,27
Codeforces Round 768 (Div. 2),January,2022,27
Codeforces Round 767 (Div. 1),January,2022,22
Codeforces Round 767 (Div. 2),January,2022,22
Educational Codeforces Round 121 (Rated for Div. 2),January,2022,16
Codeforces Round 766 (Div. 2),January,2022,15
Codeforces Round 765 (Div. 2),January,2022,12
Codeforces Round 764 (Div. 3),January,2022,10
Hello 2022,January,2022,03
Good Bye 2021: 2022 is NEAR,December,2021,29
Codeforces Round 763 (Div. 2),December,2021,28
Educational Codeforces Round 120 (Rated for Div. 2),December,2021,27
Codeforces Global Round 18,December,2021,24
Codeforces Round 762 (Div. 3),December,2021,20
Educational Codeforces Round 119 (Rated for Div. 2),December,2021,18
Codeforces Round 761 (Div. 2),December,2021,16
Codeforces Round 760 (Div. 3),December,2021,14
"Codeforces Round 759 (Div. 2, based on Technocup 2022 Elimination Round 3)",December,2021,12
Technocup 2022 - Elimination Round 3,December,2021,12
Codeforces Round 758 (Div.1 + Div. 2),December,2021,11
Educational Codeforces Round 118 (Rated for Div. 2),December,2021,01
"Deltix Round, Autumn 2021 (open for everyone, rated, Div. 1 + Div. 2)",November,2021,28
Codeforces Round 757 (Div. 2),November,2021,26
Codeforces Round 756 (Div. 3),November,2021,25
Codeforces Global Round 17,November,2021,23
Educational Codeforces Round 117 (Rated for Div. 2),November,2021,22
"Codeforces Round 755 (Div. 1, based on Technocup 2022 Elimination Round 2)",November,2021,14
"Codeforces Round 755 (Div. 2, based on Technocup 2022 Elimination Round 2)",November,2021,14
Technocup 2022 - Elimination Round 2,November,2021,14
Codeforces Round 754 (Div. 2),November,2021,12
Codeforces Round 753 (Div. 3),November,2021,02
Codeforces Round 752 (Div. 1),October,2021,30
Codeforces Round 752 (Div. 2),October,2021,30
Educational Codeforces Round 116 (Rated for Div. 2),October,2021,29
Codeforces Round 751 (Div. 1),October,2021,25
Codeforces Round 751 (Div. 2),October,2021,25
Codeforces Round 750 (Div. 2),October,2021,24
"Codeforces Round 749 (Div. 1 + Div. 2, based on Technocup 2022 Elimination Round 1)",October,2021,17
Technocup 2022 - Elimination Round 1,October,2021,17
Codeforces Round 748 (Div. 3),October,2021,13
Educational Codeforces Round 115 (Rated for Div. 2),October,2021,10
"Bubble Cup 14 - Finals Online Mirror (Unrated, ICPC Rules, Teams Preferred, Div. 1)",October,2021,09
"Bubble Cup 14 - Finals Online Mirror (Unrated, ICPC Rules, Teams Preferred, Div. 2)",October,2021,09
2021 ICPC Communication Routing Challenge: Marathon,October,2021,09
Codeforces Round 747 (Div. 2),October,2021,08
Kotlin Heroes: Episode 8,October,2021,07
Codeforces Round 746 (Div. 2),October,2021,03
"COMPFEST 13 - Finals Online Mirror (Unrated, ICPC Rules, Teams Preferred)",October,2021,02
Kotlin Heroes: Practice 8,October,2021,01
"ICPC WF Moscow Invitational Contest - Online Mirror (Unrated, ICPC Rules, Teams Preferred)",October,2021,01
Codeforces Round 745 (Div. 1),September,2021,30
Codeforces Round 745 (Div. 2),September,2021,30
Codeforces Round 744 (Div. 3),September,2021,28
Educational Codeforces Round 114 (Rated for Div. 2),September,2021,20
Codeforces Round 743 (Div. 1),September,2021,18
Codeforces Round 743 (Div. 2),September,2021,18
Codeforces Global Round 16,September,2021,12
Educational Codeforces Round 113 (Rated for Div. 2),September,2021,08
Codeforces Round 742 (Div. 2),September,2021,05
"Deltix Round, Summer 2021 (open for everyone, rated, Div. 1 + Div. 2)",August,2021,29
Codeforces Round 741 (Div. 2),August,2021,26
"Codeforces Round 740 (Div. 1, based on VK Cup 2021 - Final (Engine))",August,2021,24
"Codeforces Round 740 (Div. 2, based on VK Cup 2021 - Final (Engine))",August,2021,24
VK Cup 2021 - Final (Engine),August,2021,22
Codeforces Round 739 (Div. 3),August,2021,18
Codeforces Round 738 (Div. 2),August,2021,15
Codeforces Round 737 (Div. 2),August,2021,09
Codeforces Round 736 (Div. 1),August,2021,01
Codeforces Round 736 (Div. 2),August,2021,01
Educational Codeforces Round 112 (Rated for Div. 2),July,2021,30
Codeforces Round 735 (Div. 2),July,2021,29
Codeforces Global Round 15,July,2021,25
Codeforces Round 734 (Div. 3),July,2021,23
"Harbour.Space Scholarship Contest 2021-2022 (open for everyone, rated, Div. 1 + Div. 2)",July,2021,22
"Codeforces Round 733 (Div. 1 + Div. 2, based on VK Cup 2021 - Elimination (Engine))",July,2021,17
VK Cup 2021 - Elimination (Engine),July,2021,17
Educational Codeforces Round 111 (Rated for Div. 2),July,2021,14
Codeforces Round 732 (Div. 1),July,2021,11
Codeforces Round 732 (Div. 2),July,2021,11
Codeforces Round 731 (Div. 3),July,2021,10
Codeforces Round 730 (Div. 2),July,2021,07
Codeforces Round 729 (Div. 2),July,2021,03
Kotlin Heroes: Episode 7,June,2021,29
Codeforces Round 728 (Div. 1),June,2021,25
Codeforces Round 728 (Div. 2),June,2021,25
Kotlin Heroes: Practice 7,June,2021,22
Codeforces Round 727 (Div. 2),June,2021,20
Codeforces Round 726 (Div. 2),June,2021,18
Codeforces LATOKEN Round 1 (Div. 1 + Div. 2),June,2021,13
Codeforces Round 725 (Div. 3),June,2021,10
Codeforces Round 724 (Div. 2),June,2021,06
Educational Codeforces Round 110 (Rated for Div. 2),June,2021,04
"Deltix Round, Spring 2021 (open for everyone, rated, Div. 1 + Div. 2)",May,2021,30
Codeforces Round 723 (Div. 2),May,2021,28
ICPC Challenge 2021: Marathon (powered by Huawei),May,2021,26
Codeforces Round 722 (Div. 1),May,2021,24
Codeforces Round 722 (Div. 2),May,2021,24
Codeforces Round 721 (Div. 2),May,2021,20
Codeforces Raif ML Round 1,May,2021,18
Educational Codeforces Round 109 (Rated for Div. 2),May,2021,16
Codeforces Round 720 (Div. 2),May,2021,07
Codeforces Round 719 (Div. 3),May,2021,05
Codeforces Global Round 14,May,2021,02
Educational Codeforces Round 108 (Rated for Div. 2),April,2021,29
Contest 2050 and Codeforces Round 718 (Div. 1 + Div. 2),April,2021,23
Codeforces Round 717 (Div. 2),April,2021,21
Codeforces Round 716 (Div. 2),April,2021,19
Codeforces Round 715 (Div. 1),April,2021,16
Codeforces Round 715 (Div. 2),April,2021,16
Educational Codeforces Round 107 (Rated for Div. 2),April,2021,12
Divide by Zero 2021 and Codeforces Round 714 (Div. 2),April,2021,11
Codeforces Round 713 (Div. 3),April,2021,10
"2020-2021 ICPC, NERC, Northern Eurasia Onsite (Unrated, Online Mirror, ICPC Rules, Teams Preferred)",April,2021,04
Codeforces Round 712 (Div. 1),April,2021,03
Codeforces Round 712 (Div. 2),April,2021,03
April Fools Day Contest 2021,April,2021,01
CodeCraft-21 and Codeforces Round 711 (Div. 2),March,2021,29
Codeforces Round 710 (Div. 3),March,2021,25
"Codeforces Round 709 (Div. 1, based on Technocup 2021 Final Round)",March,2021,21
"Codeforces Round 709 (Div. 2, based on Technocup 2021 Final Round)",March,2021,21
Технокубок 2021 - Финал,March,2021,21
Educational Codeforces Round 106 (Rated for Div. 2),March,2021,18
Codeforces Round 708 (Div. 2),March,2021,17
"Codeforces Round 707 (Div. 1, based on Moscow Open Olympiad in Informatics)",March,2021,13
"Codeforces Round 707 (Div. 2, based on Moscow Open Olympiad in Informatics)",March,2021,13
Codeforces Round 706 (Div. 1),March,2021,10
Codeforces Round 706 (Div. 2),March,2021,10
Kotlin Heroes: Episode 6,March,2021,09
Codeforces Round 705 (Div. 2),March,2021,06
Educational Codeforces Round 105 (Rated for Div. 2),March,2021,02
Kotlin Heroes: Practice 6,March,2021,02
Codeforces Global Round 13,February,2021,28
Codeforces Round 704 (Div. 2),February,2021,23
Codeforces Round 703 (Div. 2),February,2021,18
Codeforces Round 702 (Div. 3),February,2021,16
Educational Codeforces Round 104 (Rated for Div. 2),February,2021,15
Codeforces Round 701 (Div. 2),February,2021,12
Codeforces Round 700 (Div. 1),February,2021,07
Codeforces Round 700 (Div. 2),February,2021,07
Codeforces Round 699 (Div. 2),February,2021,05
Educational Codeforces Round 103 (Rated for Div. 2),January,2021,29
Codeforces Round 698 (Div. 1),January,2021,28
Codeforces Round 698 (Div. 2),January,2021,28
Codeforces Round 697 (Div. 3),January,2021,25
Codeforces Round 696 (Div. 2),January,2021,19
Educational Codeforces Round 102 (Rated for Div. 2),January,2021,14
Codeforces Round 695 (Div. 2),January,2021,08
Codeforces Round 694 (Div. 1),January,2021,05
Codeforces Round 694 (Div. 2),January,2021,05
Codeforces Round 693 (Div. 3),January,2021,04
Good Bye 2020,December,2020,30
Educational Codeforces Round 101 (Rated for Div. 2),December,2020,28
"2020-2021 ICPC, NERC, Southern and Volga Russian Regional Contest (Online Mirror, ICPC Rules)",December,2020,25
"Codeforces Round 692 (Div. 1, based on Technocup 2021 Elimination Round 3)",December,2020,20
"Codeforces Round 692 (Div. 2, based on Technocup 2021 Elimination Round 3)",December,2020,20
Technocup 2021 - Elimination Round 3,December,2020,20
Codeforces Round 691 (Div. 1),December,2020,19
Codeforces Round 691 (Div. 2),December,2020,19
Educational Codeforces Round 100 (Rated for Div. 2),December,2020,17
Codeforces Round 690 (Div. 3),December,2020,15
NERC Challenge 2020: Marathon,December,2020,12
"Codeforces Round 689 (Div. 2, based on Zed Code Competition)",December,2020,11
Codeforces Global Round 12,December,2020,06
Codeforces Round 688 (Div. 2),December,2020,04
Educational Codeforces Round 99 (Rated for Div. 2),November,2020,30
"Codeforces Round 687 (Div. 1, based on Technocup 2021 Elimination Round 2)",November,2020,29
"Codeforces Round 687 (Div. 2, based on Technocup 2021 Elimination Round 2)",November,2020,29
Technocup 2021 - Elimination Round 2,November,2020,29
Codeforces Round 686 (Div. 3),November,2020,24
Codeforces Round 685 (Div. 2),November,2020,21
Educational Codeforces Round 98 (Rated for Div. 2),November,2020,19
Codeforces Round 684 (Div. 1),November,2020,17
Codeforces Round 684 (Div. 2),November,2020,17
"Codeforces Round 683 (Div. 1, by Meet IT)",November,2020,15
"Codeforces Round 683 (Div. 2, by Meet IT)",November,2020,15
Codeforces Round 682 (Div. 2),November,2020,13
Kotlin Heroes 5: ICPC Round,November,2020,12
Kotlin Heroes 5: ICPC Round (Practice),November,2020,05
"Codeforces Round 681 (Div. 1, based on VK Cup 2019-2020 - Final)",November,2020,02
"Codeforces Round 681 (Div. 2, based on VK Cup 2019-2020 - Final)",November,2020,02
VK Cup 2019-2020 - Final Round (Engine),November,2020,01
"Codeforces Round 680 (Div. 1, based on Moscow Team Olympiad)",November,2020,01
"Codeforces Round 680 (Div. 2, based on Moscow Team Olympiad)",November,2020,01
Educational Codeforces Round 97 (Rated for Div. 2),October,2020,27
"Codeforces Round 679 (Div. 1, based on Technocup 2021 Elimination Round 1)",October,2020,25
"Codeforces Round 679 (Div. 2, based on Technocup 2021 Elimination Round 1)",October,2020,25
Technocup 2021 - Elimination Round 1,October,2020,25
Codeforces Round 678 (Div. 2),October,2020,24
Codeforces Round 677 (Div. 3),October,2020,20
Codeforces Round 676 (Div. 2),October,2020,18
Codeforces Raif Round 1 (Div. 1 + Div. 2),October,2020,17
Educational Codeforces Round 96 (Rated for Div. 2),October,2020,11
Codeforces Global Round 11,October,2020,10
"Bubble Cup 13 - Finals [Online Mirror, unrated, Div. 1]",October,2020,05
"Bubble Cup 13 - Finals [Online Mirror, unrated, Div. 2]",October,2020,05
Codeforces Round 675 (Div. 2),October,2020,05
Grakn Forces 2020,September,2020,30
Codeforces Round 674 (Div. 3),September,2020,28
Codeforces Round 673 (Div. 1),September,2020,27
Codeforces Round 673 (Div. 2),September,2020,27
"2020 ICPC, COMPFEST 12, Indonesia Multi-Provincial Contest (Unrated, Online Mirror, ICPC Rules, Teams Preferred)",September,2020,27
Codeforces Round 672 (Div. 2),September,2020,24
Codeforces Round 671 (Div. 2),September,2020,19
Educational Codeforces Round 95 (Rated for Div. 2),September,2020,14
Codeforces Round 670 (Div. 2),September,2020,12
Codeforces Round 669 (Div. 2),September,2020,08
Codeforces Round 668 (Div. 1),September,2020,06
Codeforces Round 668 (Div. 2),September,2020,06
Codeforces Round 667 (Div. 3),September,2020,04
Codeforces Round 666 (Div. 1),August,2020,30
Codeforces Round 666 (Div. 2),August,2020,30
"Central-European Olympiad in Informatics, CEOI 2020, Day 2 (IOI, Unofficial Mirror Contest, Unrated)",August,2020,28
"Central-European Olympiad in Informatics, CEOI 2020, Day 1 (IOI, Unofficial Mirror Contest, Unrated)",August,2020,26
Educational Codeforces Round 94 (Rated for Div. 2),August,2020,25
Codeforces Round 665 (Div. 2),August,2020,21
Codeforces Global Round 10,August,2020,16
Educational Codeforces Round 93 (Rated for Div. 2),August,2020,14
Codeforces Round 664 (Div. 1),August,2020,12
Codeforces Round 664 (Div. 2),August,2020,12
Codeforces Round 663 (Div. 2),August,2020,09
Codeforces Round 662 (Div. 2),August,2020,07
Codeforces Round 661 (Div. 3),August,2020,05
Codeforces Round 660 (Div. 2),July,2020,30
Educational Codeforces Round 92 (Rated for Div. 2),July,2020,29
Codeforces Round 659 (Div. 1),July,2020,24
Codeforces Round 659 (Div. 2),July,2020,24
"Baltic Olympiad in Informatics 2020, Day 2 (IOI, Unofficial Mirror Contest, Unrated)",July,2020,23
"Baltic Olympiad in Informatics 2020, Day 1 (IOI, Unofficial Mirror Contest, Unrated)",July,2020,22
Codeforces Round 658 (Div. 1),July,2020,21
Codeforces Round 658 (Div. 2),July,2020,21
Codeforces Round 657 (Div. 2),July,2020,19
Codeforces Round 656 (Div. 3),July,2020,17
Educational Codeforces Round 91 (Rated for Div. 2),July,2020,12
Codeforces Round 655 (Div. 2),July,2020,11
Codeforces Global Round 9,July,2020,04
Codeforces Round 654 (Div. 2),July,2020,01
Codeforces Round 653 (Div. 3),June,2020,28
ICPC Challenge 2020: Marathon,June,2020,27
ICPC Challenge 2020,June,2020,27
Educational Codeforces Round 90 (Rated for Div. 2),June,2020,25
ICPC Challenge 2020: Practice,June,2020,25
Codeforces Round 652 (Div. 2),June,2020,23
Codeforces Round 651 (Div. 2),June,2020,20
Microsoft Q# Coding Contest - Summer 2020,June,2020,20
Codeforces Global Round 8,June,2020,18
Codeforces Round 650 (Div. 3),June,2020,16
Codeforces Round 649 (Div. 2),June,2020,13
Microsoft Q# Coding Contest - Summer 2020 - Warmup,June,2020,13
Educational Codeforces Round 89 (Rated for Div. 2),June,2020,11
Codeforces Round 648 (Div. 2),June,2020,07
"Codeforces Round 647 (Div. 1) - Thanks, Algo Muse!",June,2020,04
"Codeforces Round 647 (Div. 2) - Thanks, Algo Muse!",June,2020,04
Codeforces Round 646 (Div. 2),May,2020,31
Kotlin Heroes: Episode 4,May,2020,29
Educational Codeforces Round 88 (Rated for Div. 2),May,2020,28
Codeforces Round 645 (Div. 2),May,2020,26
Codeforces Round 644 (Div. 3),May,2020,24
Kotlin Heroes: Practice 4,May,2020,22
Educational Codeforces Round 87 (Rated for Div. 2),May,2020,17
Codeforces Round 643 (Div. 2),May,2020,16
Codeforces Round 642 (Div. 3),May,2020,14
Codeforces Round 641 (Div. 1),May,2020,12
Codeforces Round 641 (Div. 2),May,2020,12
Codeforces Round 640 (Div. 4),May,2020,09
Testing Round 16 (Unrated),May,2020,07
Codeforces Round 639 (Div. 1),May,2020,06
Codeforces Round 639 (Div. 2),May,2020,06
Codeforces Round 638 (Div. 2),May,2020,01
Educational Codeforces Round 86 (Rated for Div. 2),April,2020,26
"Codeforces Round 637 (Div. 1) - Thanks, Ivan Belonogov!",April,2020,23
"Codeforces Round 637 (Div. 2) - Thanks, Ivan Belonogov!",April,2020,23
Codeforces Round 636 (Div. 3),April,2020,21
Codeforces Round 635 (Div. 1),April,2020,15
Codeforces Round 635 (Div. 2),April,2020,15
Codeforces Round 634 (Div. 3),April,2020,13
Codeforces Round 633 (Div. 1),April,2020,12
Codeforces Round 633 (Div. 2),April,2020,12
Educational Codeforces Round 85 (Rated for Div. 2),April,2020,10
Codeforces Round 632 (Div. 2),April,2020,08
"Codeforces Round 631 (Div. 1) - Thanks, Denis aramis Shitov!",April,2020,03
"Codeforces Round 631 (Div. 2) - Thanks, Denis aramis Shitov!",April,2020,03
April Fools Day Contest 2020,April,2020,01
Codeforces Round 630 (Div. 2),March,2020,31
Codeforces Round 629 (Div. 3),March,2020,26
Educational Codeforces Round 84 (Rated for Div. 2),March,2020,23
Codeforces Global Round 7,March,2020,19
Codeforces Round 628 (Div. 2),March,2020,14
Codeforces Round 627 (Div. 3),March,2020,12
Educational Codeforces Round 83 (Rated for Div. 2),March,2020,09
"Codeforces Round 626 (Div. 1, based on Moscow Open Olympiad in Informatics)",March,2020,07
"Codeforces Round 626 (Div. 2, based on Moscow Open Olympiad in Informatics)",March,2020,07
CodeCraft-20 (Div. 2),March,2020,04
"Ozon Tech Challenge 2020 (Div.1 + Div.2, Rated, T-shirts + prizes!)",March,2020,03
"Codeforces Round 625 (Div. 1, based on Technocup 2020 Final Round)",March,2020,01
"Codeforces Round 625 (Div. 2, based on Technocup 2020 Final Round)",March,2020,01
Kotlin Heroes: Episode 3,February,2020,27
Codeforces Round 624 (Div. 3),February,2020,24
"Codeforces Round 623 (Div. 1, based on VK Cup 2019-2020 - Elimination Round, Engine)",February,2020,24
"Codeforces Round 623 (Div. 2, based on VK Cup 2019-2020 - Elimination Round, Engine)",February,2020,24
VK Cup 2019-2020 - Elimination Round (Engine),February,2020,24
Codeforces Round 622 (Div. 2),February,2020,23
Kotlin Heroes: Practice 3,February,2020,20
Codeforces Round 621 (Div. 1 + Div. 2),February,2020,17
Codeforces Round 620 (Div. 2),February,2020,15
Codeforces Round 619 (Div. 2),February,2020,13
Educational Codeforces Round 82 (Rated for Div. 2),February,2020,12
Codeforces Round 618 (Div. 1),February,2020,09
Codeforces Round 618 (Div. 2),February,2020,09
Codeforces Round 617 (Div. 3),February,2020,04
"AIM Tech Poorly Prepared Contest (unrated, funny, Div. 1 preferred)",February,2020,04
Codeforces Round 616 (Div. 1),February,2020,02
Codeforces Round 616 (Div. 2),February,2020,02
Educational Codeforces Round 81 (Rated for Div. 2),January,2020,29
Codeforces Round 615 (Div. 3),January,2020,22
Codeforces Round 614 (Div. 1),January,2020,19
Codeforces Round 614 (Div. 2),January,2020,19
Educational Codeforces Round 80 (Rated for Div. 2),January,2020,14
Codeforces Round 613 (Div. 2),January,2020,10
Codeforces Round 612 (Div. 1),January,2020,05
Codeforces Round 612 (Div. 2),January,2020,05
Hello 2020,January,2020,04
Good Bye 2019,December,2019,29
Codeforces Round 611 (Div. 3),December,2019,29
Educational Codeforces Round 79 (Rated for Div. 2),December,2019,27
Codeforces Round 610 (Div. 2),December,2019,24
Codeforces Round 609 (Div. 1),December,2019,21
Codeforces Round 609 (Div. 2),December,2019,21
Educational Codeforces Round 78 (Rated for Div. 2),December,2019,19
Codeforces Global Round 6,December,2019,17
Codeforces Round 608 (Div. 2),December,2019,15
Codeforces Round 607 (Div. 1),December,2019,15
Codeforces Round 607 (Div. 2),December,2019,15
"Codeforces Round 606 (Div. 1, based on Technocup 2020 Elimination Round 4)",December,2019,14
"Codeforces Round 606 (Div. 2, based on Technocup 2020 Elimination Round 4)",December,2019,14
Technocup 2020 - Elimination Round 4,December,2019,14
Codeforces Round 605 (Div. 3),December,2019,12
Codeforces Round 604 (Div. 1),December,2019,05
Codeforces Round 604 (Div. 2),December,2019,05
"2019-2020 ICPC, NERC, Northern Eurasia Finals (Unrated, Online Mirror, ICPC Rules, Teams Preferred)",December,2019,01
Codeforces Round 603 (Div. 2),November,2019,29
Educational Codeforces Round 77 (Rated for Div. 2),November,2019,27
"Codeforces Round 602 (Div. 1, based on Technocup 2020 Elimination Round 3)",November,2019,24
"Codeforces Round 602 (Div. 2, based on Technocup 2020 Elimination Round 3)",November,2019,24
Technocup 2020 - Elimination Round 3,November,2019,24
Codeforces Round 601 (Div. 1),November,2019,19
Codeforces Round 601 (Div. 2),November,2019,19
Codeforces Round 600 (Div. 2),November,2019,16
Educational Codeforces Round 76 (Rated for Div. 2),November,2019,13
Codeforces Round 599 (Div. 1),November,2019,06
Codeforces Round 599 (Div. 2),November,2019,06
Codeforces Round 598 (Div. 3),November,2019,04
Codeforces Round 597 (Div. 2),November,2019,01
"2019-2020 ICPC, NERC, Southern and Volga Russian Regional Contest (Online Mirror, ICPC Rules, Teams Preferred)",October,2019,27
"2019-2020 ICPC, Asia Jakarta Regional Contest (Online Mirror, ICPC Rules, Teams Preferred)",October,2019,27
"Codeforces Round 596 (Div. 1, based on Technocup 2020 Elimination Round 2)",October,2019,26
"Codeforces Round 596 (Div. 2, based on Technocup 2020 Elimination Round 2)",October,2019,26
Technocup 2020 - Elimination Round 2,October,2019,26
Educational Codeforces Round 75 (Rated for Div. 2),October,2019,24
Codeforces Round 595 (Div. 3),October,2019,22
Codeforces Round 594 (Div. 1),October,2019,20
Codeforces Round 594 (Div. 2),October,2019,20
Codeforces Round 593 (Div. 2),October,2019,17
Codeforces Global Round 5,October,2019,16
Codeforces Round 592 (Div. 2),October,2019,13
Educational Codeforces Round 74 (Rated for Div. 2),October,2019,08
"Codeforces Round 591 (Div. 1, based on Technocup 2020 Elimination Round 1)",October,2019,06
"Codeforces Round 591 (Div. 2, based on Technocup 2020 Elimination Round 1)",October,2019,06
Technocup 2020 - Elimination Round 1,October,2019,06
Codeforces Round 590 (Div. 3),October,2019,01
Huawei Honorcup Marathon 2,October,2019,01
Codeforces Round 589 (Div. 2),September,2019,29
Codeforces Round 588 (Div. 1),September,2019,23
Codeforces Round 588 (Div. 2),September,2019,23
Dasha Code Championship - Novosibirsk Finals Round (only for onsite-finalists),September,2019,22
Dasha Code Championship - SPb Finals Round (only for onsite-finalists),September,2019,22
Codeforces Round 587 (Div. 3),September,2019,21
Educational Codeforces Round 73 (Rated for Div. 2),September,2019,19
Codeforces Round 586 (Div. 1 + Div. 2),September,2019,19
"Bubble Cup 12 - Finals [Online Mirror, unrated, Div. 1]",September,2019,15
"Bubble Cup 12 - Finals [Online Mirror, unrated, Div. 2]",September,2019,15
Codeforces Round 585 (Div. 2),September,2019,15
"Codeforces Round 584 - Dasha Code Championship - Elimination Round (rated, open for everyone, Div. 1 + Div. 2)",September,2019,14
Kotlin Heroes: Episode 2,September,2019,07
Educational Codeforces Round 72 (Rated for Div. 2),September,2019,05
"Codeforces Round 583 (Div. 1 + Div. 2, based on Olympiad of Metropolises)",September,2019,04
Kotlin Heroes: Practice 2,August,2019,31
Codeforces Round 582 (Div. 3),August,2019,30
"Manthan, Codefest 19 (open for everyone, rated, Div. 1 + Div. 2)",August,2019,25
Educational Codeforces Round 71 (Rated for Div. 2),August,2019,22
Codeforces Round 581 (Div. 2),August,2019,20
Codeforces Round 580 (Div. 1),August,2019,18
Codeforces Round 580 (Div. 2),August,2019,18
Codeforces Round 579 (Div. 3),August,2019,13
Codeforces Round 578 (Div. 2),August,2019,11
Educational Codeforces Round 70 (Rated for Div. 2),August,2019,07
Codeforces Round 577 (Div. 2),August,2019,05
Codeforces Round 576 (Div. 1),July,2019,30
Codeforces Round 576 (Div. 2),July,2019,30
"CEOI 2019 day 2 online mirror (unrated, IOI format)",July,2019,28
"CEOI 2019 day 1 online mirror (unrated, IOI format)",July,2019,25
Codeforces Round 575 (Div. 3),July,2019,24
Educational Codeforces Round 69 (Rated for Div. 2),July,2019,22
Codeforces Global Round 4,July,2019,20
Codeforces Round 574 (Div. 2),July,2019,17
Educational Codeforces Round 68 (Rated for Div. 2),July,2019,14
Codeforces Round 573 (Div. 1),July,2019,12
Codeforces Round 573 (Div. 2),July,2019,12
"Helvetic Coding Contest 2019 online mirror (teams allowed, unrated)",July,2019,07
Codeforces Round 572 (Div. 1),July,2019,05
Codeforces Round 572 (Div. 2),July,2019,05
Educational Codeforces Round 67 (Rated for Div. 2),June,2019,30
Codeforces Round 571 (Div. 2),June,2019,28
Codeforces Round 570 (Div. 3),June,2019,26
Codeforces Round 569 (Div. 1),June,2019,22
Codeforces Round 569 (Div. 2),June,2019,22
Codeforces Round 568 (Div. 2),June,2019,19
Codeforces Round 567 (Div. 2),June,2019,16
Codeforces Round 566 (Div. 2),June,2019,11
Codeforces Round 565 (Div. 3),June,2019,09
Codeforces Round 564 (Div. 1),June,2019,07
Codeforces Round 564 (Div. 2),June,2019,07
Educational Codeforces Round 66 (Rated for Div. 2),June,2019,05
Codeforces Round 563 (Div. 2),June,2019,03
Codeforces Global Round 3,June,2019,01
Testing Round 15 (Unrated),June,2019,01
Kotlin Heroes: Episode 1,May,2019,28
Codeforces Round 562 (Div. 1),May,2019,26
Codeforces Round 562 (Div. 2),May,2019,26
Kotlin Heroes: Practice 1,May,2019,22
Codeforces Round 561 (Div. 2),May,2019,17
Educational Codeforces Round 65 (Rated for Div. 2),May,2019,15
Codeforces Round 560 (Div. 3),May,2019,14
Codeforces Round 559 (Div. 1),May,2019,12
Codeforces Round 559 (Div. 2),May,2019,12
Codeforces Round 558 (Div. 2),May,2019,09
"Mathforces: Tech Scouts Online Test 2018 (just fun and practice, unofficial, unrated)",May,2019,05
Codeforces Round 557 (Div. 1) [based on Forethought Future Cup - Final Round],May,2019,05
Codeforces Round 557 (Div. 2) [based on Forethought Future Cup - Final Round],May,2019,05
Forethought Future Cup - Final Round (Onsite Finalists Only),May,2019,05
Educational Codeforces Round 64 (Rated for Div. 2),May,2019,01
VRt Contest 2019 (marathon),April,2019,30
Codeforces Round 556 (Div. 1),April,2019,29
Codeforces Round 556 (Div. 2),April,2019,29
Codeforces Round 555 (Div. 3),April,2019,26
Codeforces Round 554 (Div. 2),April,2019,24
Educational Codeforces Round 63 (Rated for Div. 2),April,2019,22
Forethought Future Cup - Elimination Round,April,2019,21
Codeforces Round 553 (Div. 2),April,2019,18
Codeforces Round 552 (Div. 3),April,2019,16
Codeforces Round 551 (Div. 2),April,2019,13
Codeforces Global Round 2,April,2019,06
April Fools Day Contest 2019,April,2019,01
Codeforces Round 550 (Div. 3),March,2019,31
Codeforces Round 549 (Div. 1),March,2019,31
Codeforces Round 549 (Div. 2),March,2019,31
Educational Codeforces Round 62 (Rated for Div. 2),March,2019,22
Codeforces Round 548 (Div. 2),March,2019,21
Codeforces Round 547 (Div. 3),March,2019,19
Codeforces Round 546 (Div. 2),March,2019,12
Codeforces Round 545 (Div. 1),March,2019,08
Codeforces Round 545 (Div. 2),March,2019,08
Codeforces Round 544 (Div. 3),March,2019,07
Educational Codeforces Round 61 (Rated for Div. 2),March,2019,05
"Codeforces Round 543 (Div. 1, based on Technocup 2019 Final Round)",March,2019,03
"Codeforces Round 543 (Div. 2, based on Technocup 2019 Final Round)",March,2019,03
Technocup 2019 - Final,March,2019,03
Microsoft Q# Coding Contest - Winter 2019,March,2019,02
Codeforces Round 542 [Alex Lopashev Thanks-Round] (Div. 1),February,2019,24
Codeforces Round 542 [Alex Lopashev Thanks-Round] (Div. 2),February,2019,24
Codeforces Round 541 (Div. 2),February,2019,23
Microsoft Q# Coding Contest - Winter 2019 - Warmup,February,2019,23
Codeforces Round 540 (Div. 3),February,2019,19
Educational Codeforces Round 60 (Rated for Div. 2),February,2019,18
Codeforces Round 539 (Div. 1),February,2019,17
Codeforces Round 539 (Div. 2),February,2019,17
Codeforces Round 538 (Div. 2),February,2019,10
Codeforces Global Round 1,February,2019,07
CodeCraft-19 and Codeforces Round 537 (Div. 2),February,2019,03
Codeforces Round 536 (Div. 2),January,2019,31
Educational Codeforces Round 59 (Rated for Div. 2),January,2019,26
Codeforces Round 535 (Div. 3),January,2019,23
Codeforces Round 534 (Div. 1),January,2019,22
Codeforces Round 534 (Div. 2),January,2019,22
Codeforces Round 533 (Div. 2),January,2019,20
Codeforces Round 532 (Div. 2),January,2019,13
Educational Codeforces Round 58 (Rated for Div. 2),January,2019,11
Codeforces Round 531 (Div. 3),January,2019,09
Codeforces Round 530 (Div. 1),January,2019,06
Codeforces Round 530 (Div. 2),January,2019,06
Hello 2019,January,2019,04
Good Bye 2018,December,2018,30
Educational Codeforces Round 57 (Rated for Div. 2),December,2018,28
Codeforces Round 529 (Div. 3),December,2018,27
"Codeforces Round 528 (Div. 1, based on Technocup 2019 Elimination Round 4)",December,2018,23
"Codeforces Round 528 (Div. 2, based on Technocup 2019 Elimination Round 4)",December,2018,23
Technocup 2019 - Elimination Round 4,December,2018,23
Codeforces Round 527 (Div. 3),December,2018,18
Avito Cool Challenge 2018,December,2018,16
Educational Codeforces Round 56 (Rated for Div. 2),December,2018,15
Codeforces Round 526 (Div. 1),December,2018,11
Codeforces Round 526 (Div. 2),December,2018,11
"2018-2019 Russia Open High School Programming Contest (Unrated, Online Mirror, ICPC Rules, Teams Preferred)",December,2018,09
Codeforces Round 525 (Div. 2),December,2018,04
"2018-2019 ICPC, NEERC, Northern Eurasia Finals (Unrated, Online Mirror, ICPC Rules, Teams Preferred)",December,2018,02
Educational Codeforces Round 55 (Rated for Div. 2),November,2018,28
Mail.Ru Cup 2018 Round 3,November,2018,26
Codeforces Round 524 (Div. 2),November,2018,24
Codeforces Round 523 (Div. 2),November,2018,22
"Codeforces Round 522 (Div. 1, based on Technocup 2019 Elimination Round 3)",November,2018,19
"Codeforces Round 522 (Div. 2, based on Technocup 2019 Elimination Round 3)",November,2018,19
Technocup 2019 - Elimination Round 3,November,2018,19
Codeforces Round 521 (Div. 3),November,2018,16
Codeforces Round 520 (Div. 2),November,2018,14
Educational Codeforces Round 54 (Rated for Div. 2),November,2018,12
Mail.Ru Cup 2018 Round 2,November,2018,10
Lyft Level 5 Challenge 2018 - Final Round,November,2018,05
Lyft Level 5 Challenge 2018 - Final Round (Open Div. 1),November,2018,05
Lyft Level 5 Challenge 2018 - Final Round (Open Div. 2),November,2018,05
Codeforces Round 519 by Botan Investments,October,2018,28
Educational Codeforces Round 53 (Rated for Div. 2),October,2018,25
"Codeforces Round 518 (Div. 1) [Thanks, Mail.Ru!]",October,2018,25
"Codeforces Round 518 (Div. 2) [Thanks, Mail.Ru!]",October,2018,25
"Codeforces Round 517 (Div. 1, based on Technocup 2019 Elimination Round 2)",October,2018,21
"Codeforces Round 517 (Div. 2, based on Technocup 2019 Elimination Round 2)",October,2018,21
Technocup 2019 - Elimination Round 2,October,2018,21
"2018-2019 ICPC, NEERC, Southern Subregional Contest (Online Mirror, ACM-ICPC Rules, Teams Preferred)",October,2018,20
Mail.Ru Cup 2018 Round 1,October,2018,19
"Codeforces Round 516 (Div. 1, by Moscow Team Olympiad)",October,2018,14
"Codeforces Round 516 (Div. 2, by Moscow Team Olympiad)",October,2018,14
Codeforces Round 515 (Div. 3),October,2018,12
Mail.Ru Cup 2018 - Practice Round,October,2018,12
Educational Codeforces Round 52 (Rated for Div. 2),October,2018,11
Lyft Level 5 Challenge 2018 - Elimination Round,October,2018,08
Codeforces Round 514 (Div. 2),October,2018,05
"Codeforces Round 513 by Barcelona Bootcamp (rated, Div. 1 + Div. 2)",October,2018,04
"Codeforces Round 512 (Div. 1, based on Technocup 2019 Elimination Round 1)",September,2018,23
"Codeforces Round 512 (Div. 2, based on Technocup 2019 Elimination Round 1)",September,2018,23
Technocup 2019 - Elimination Round 1,September,2018,23
"Bubble Cup 11 - Finals [Online Mirror, Div. 1]",September,2018,22
"Bubble Cup 11 - Finals [Online Mirror, Div. 2]",September,2018,22
Codeforces Round 511 (Div. 1),September,2018,21
Codeforces Round 511 (Div. 2),September,2018,21
Huawei Honorcup Marathon 1,September,2018,21
Educational Codeforces Round 51 (Rated for Div. 2),September,2018,20
Codeforces Round 510 (Div. 2),September,2018,17
Codeforces Round 509 (Div. 2),September,2018,16
Educational Codeforces Round 50 (Rated for Div. 2),September,2018,07
Codeforces Round 508 (Div. 2),September,2018,06
"Codeforces Round 507 (Div. 1, based on Olympiad of Metropolises)",September,2018,06
"Codeforces Round 507 (Div. 2, based on Olympiad of Metropolises)",September,2018,06
"Manthan, Codefest 18 (rated, Div. 1 + Div. 2)",September,2018,02
"AIM Tech Round 5 (rated, Div. 1 + Div. 2)",August,2018,28
Codeforces Round 506 (Div. 3),August,2018,24
"Codeforces Round 505 (rated, Div. 1 + Div. 2, based on VK Cup 2018 Final)",August,2018,19
Educational Codeforces Round 49 (Rated for Div. 2),August,2018,18
"Codeforces Round 504 (rated, Div. 1 + Div. 2, based on VK Cup 2018 Final)",August,2018,17
VK Cup 2018 - Final,August,2018,12
"Codeforces Round 503 (by SIS, Div. 1)",August,2018,11
"Codeforces Round 503 (by SIS, Div. 2)",August,2018,11
"Codeforces Round 502 (in memory of Leopoldo Taravilse, Div. 1 + Div. 2)",August,2018,08
Educational Codeforces Round 48 (Rated for Div. 2),August,2018,03
Codeforces Round 501 (Div. 3),July,2018,31
Codeforces Round 500 (Div. 1) [based on EJOI],July,2018,30
Codeforces Round 500 (Div. 2) [based on EJOI],July,2018,30
Codeforces Round 499 (Div. 1),July,2018,26
Codeforces Round 499 (Div. 2),July,2018,26
Codeforces Marathon Round 2,July,2018,24
Codeforces Round 498 (Div. 3),July,2018,16
Educational Codeforces Round 47 (Rated for Div. 2),July,2018,14
Codeforces Round 497 (Div. 1),July,2018,13
Codeforces Round 497 (Div. 2),July,2018,13
Codeforces Round 496 (Div. 3),July,2018,09
Microsoft Q# Coding Contest - Summer 2018,July,2018,07
Codeforces Round 495 (Div. 2),July,2018,06
Codeforces Round 494 (Div. 3),July,2018,03
Codeforces Round 493 (Div. 1),July,2018,01
Codeforces Round 493 (Div. 2),July,2018,01
Microsoft Q# Coding Contest - Summer 2018 - Warmup,June,2018,30
Educational Codeforces Round 46 (Rated for Div. 2),June,2018,27
"Codeforces Round 492 (Div. 1) [Thanks, uDebug!]",June,2018,25
"Codeforces Round 492 (Div. 2) [Thanks, uDebug!]",June,2018,25
Codeforces Round 491 (Div. 2),June,2018,23
Codeforces Round 490 (Div. 3),June,2018,21
Codeforces Round 489 (Div. 2),June,2018,19
Codeforces Round 488 by NEAR (Div. 1),June,2018,17
Codeforces Round 488 by NEAR (Div. 2),June,2018,17
Codeforces Round 487 (Div. 2),June,2018,11
Educational Codeforces Round 45 (Rated for Div. 2),June,2018,10
Codeforces Round 486 (Div. 3),June,2018,01
Codeforces Round 485 (Div. 1),May,2018,29
Codeforces Round 485 (Div. 2),May,2018,29
Avito Code Challenge 2018,May,2018,27
Educational Codeforces Round 44 (Rated for Div. 2),May,2018,21
Codeforces Round 484 (Div. 2),May,2018,18
"Codeforces Round 483 (Div. 1) [Thanks, Botan Investments and Victor Shaburov!]",May,2018,15
"Codeforces Round 483 (Div. 2) [Thanks, Botan Investments and Victor Shaburov!]",May,2018,15
Codeforces Round 482 (Div. 2),May,2018,14
Codeforces Round 481 (Div. 3),May,2018,13
Codeforces Round 480 (Div. 2),May,2018,08
Codeforces Round 479 (Div. 3),May,2018,06
Codeforces Round 478 (Div. 2),May,2018,01
Educational Codeforces Round 43 (Rated for Div. 2),April,2018,30
"Codeforces Round 477 (rated, Div. 1, based on VK Cup 2018 Round 3)",April,2018,29
"Codeforces Round 477 (rated, Div. 2, based on VK Cup 2018 Round 3)",April,2018,29
VK Cup 2018 - Round 3,April,2018,29
"Codeforces Round 476 (Div. 2) [Thanks, Telegram!]",April,2018,26
VK Cup 2018 - Wild-card Round 2,April,2018,19
Tinkoff Internship Warmup Round 2018 and Codeforces Round 475 (Div. 1),April,2018,17
Tinkoff Internship Warmup Round 2018 and Codeforces Round 475 (Div. 2),April,2018,17
"Helvetic Coding Contest 2018 online mirror (teams allowed, unrated)",April,2018,14
Educational Codeforces Round 42 (Rated for Div. 2),April,2018,10
"Divide by Zero 2018 and Codeforces Round 474 (Div. 1 + Div. 2, combined)",April,2018,08
Educational Codeforces Round 41 (Rated for Div. 2),April,2018,04
Codeforces Round 473 (Div. 2),April,2018,04
April Fools Contest 2018,April,2018,01
"Codeforces Round 472 (rated, Div. 1, based on VK Cup 2018 Round 2)",March,2018,24
"Codeforces Round 472 (rated, Div. 2, based on VK Cup 2018 Round 2)",March,2018,24
VK Cup 2018 - Round 2,March,2018,24
Codeforces Round 471 (Div. 2),March,2018,24
Educational Codeforces Round 40 (Rated for Div. 2),March,2018,22
VK Cup 2018 - Wild-card Round 1,March,2018,17
VK Cup 2018 - Wild-card Round 1 (unofficial unrated mirror),March,2018,17
"Codeforces Round 470 (rated, Div. 1, based on VK Cup 2018 Round 1)",March,2018,10
"Codeforces Round 470 (rated, Div. 2, based on VK Cup 2018 Round 1)",March,2018,10
VK Cup 2018 - Round 1,March,2018,10
Codeforces Round 469 (Div. 1),March,2018,09
Codeforces Round 469 (Div. 2),March,2018,09
Educational Codeforces Round 39 (Rated for Div. 2),March,2018,06
"Codeforces Round 468 (Div. 1, based on Technocup 2018 Final Round)",March,2018,04
"Codeforces Round 468 (Div. 2, based on Technocup 2018 Final Round)",March,2018,04
Технокубок 2018 - Финал (только для онсайт-финалистов),March,2018,04
Codeforces Round 467 (Div. 1),February,2018,26
Codeforces Round 467 (Div. 2),February,2018,26
Codeforces Round 466 (Div. 2),February,2018,24
Codeforces Round 465 (Div. 2),February,2018,20
Codeforces Round 464 (Div. 2),February,2018,17
Educational Codeforces Round 38 (Rated for Div. 2),February,2018,16
"ICM Technex 2018 and Codeforces Round 463 (Div. 1 + Div. 2, combined)",February,2018,15
Codeforces Round 462 (Div. 1),February,2018,14
Codeforces Round 462 (Div. 2),February,2018,14
Codeforces Round 461 (Div. 2),February,2018,08
Educational Codeforces Round 37 (Rated for Div. 2),February,2018,02
AIM Tech Mini Marathon 1,February,2018,02
Codeforces Round 460 (Div. 2),January,2018,31
Codeforces Round 459 (Div. 1),January,2018,29
Codeforces Round 459 (Div. 2),January,2018,29
"Codecraft-18 and Codeforces Round 458 (Div. 1 + Div. 2, combined)",January,2018,20
Codeforces Round 457 (Div. 2),January,2018,19
Educational Codeforces Round 36 (Rated for Div. 2),January,2018,13
Hello 2018,January,2018,08
Codeforces Round 456 (Div. 2),January,2018,05
Good Bye 2017,December,2017,29
Educational Codeforces Round 35 (Rated for Div. 2),December,2017,28
Codeforces Round 455 (Div. 2),December,2017,28
"Codeforces Round 454 (Div. 1, based on Technocup 2018 Elimination Round 4)",December,2017,23
"Codeforces Round 454 (Div. 2, based on Technocup 2018 Elimination Round 4)",December,2017,23
Testing Round 14 (Unrated),December,2017,22
Codeforces Round 453 (Div. 1),December,2017,19
Codeforces Round 453 (Div. 2),December,2017,19
Codeforces Round 452 (Div. 2),December,2017,17
Codeforces Round 451 (Div. 2),December,2017,16
Educational Codeforces Round 34 (Rated for Div. 2),December,2017,12
Codeforces Round 450 (Div. 2),December,2017,12
Codeforces Round 449 (Div. 1),December,2017,02
Codeforces Round 449 (Div. 2),December,2017,02
Codeforces Round 448 (Div. 2),November,2017,27
Educational Codeforces Round 33 (Rated for Div. 2),November,2017,23
Codeforces Round 447 (Div. 2),November,2017,19
Codeforces Round 446 (Div. 1),November,2017,17
Codeforces Round 446 (Div. 2),November,2017,17
"Codeforces Round 445 (Div. 1, based on Technocup 2018 Elimination Round 3)",November,2017,13
"Codeforces Round 445 (Div. 2, based on Technocup 2018 Elimination Round 3)",November,2017,13
Educational Codeforces Round 32,November,2017,09
Codeforces Round 444 (Div. 2),November,2017,04
Educational Codeforces Round 31,October,2017,27
Codeforces Round 443 (Div. 1),October,2017,26
Codeforces Round 443 (Div. 2),October,2017,26
Codeforces Round 442 (Div. 2),October,2017,23
"2017-2018 ACM-ICPC, NEERC, Southern Subregional Contest (Online Mirror, ACM-ICPC Rules, Teams Preferred)",October,2017,21
"Codeforces Round 441 (Div. 1, by Moscow Team Olympiad)",October,2017,16
"Codeforces Round 441 (Div. 2, by Moscow Team Olympiad)",October,2017,16
"Codeforces Round 440 (Div. 1, based on Technocup 2018 Elimination Round 2)",October,2017,15
"Codeforces Round 440 (Div. 2, based on Technocup 2018 Elimination Round 2)",October,2017,15
Technocup 2018 - Elimination Round 2,October,2017,15
Educational Codeforces Round 30,October,2017,12
Technocup 2018 - Practice Round 2,October,2017,12
Codeforces Round 439 (Div. 2),October,2017,06
Codeforces Round 438 by Sberbank and Barcelona Bootcamp (Div. 1 + Div. 2 combined),October,2017,05
"Codeforces Round 437 (Div. 2, based on MemSQL Start[c]UP 3.0 - Round 2)",October,2017,01
MemSQL Start[c]UP 3.0 - Round 2 (onsite finalists),October,2017,01
MemSQL Start[c]UP 3.0 - Round 2 and Codeforces Round 437 (Div. 1),October,2017,01
Codeforces Round 436 (Div. 2),September,2017,25
"Manthan, Codefest 17",September,2017,24
Educational Codeforces Round 29,September,2017,21
Codeforces Round 435 (Div. 2),September,2017,19
"2017-2018 ACM-ICPC, NEERC, Southern Subregional Contest, qualification stage (Online Mirror, ACM-ICPC Rules, Teams Preferred)",September,2017,18
"Codeforces Round 434 (Div. 1, based on Technocup 2018 Elimination Round 1)",September,2017,17
"Codeforces Round 434 (Div. 2, based on Technocup 2018 Elimination Round 1)",September,2017,17
MemSQL Start[c]UP 3.0 - Round 1,September,2017,17
"Russian Code Cup 2017 - Finals [Unofficial Mirror, Div. 1 Only Recommended, Teams Allowed]",September,2017,10
"Codeforces Round 433 (Div. 1, based on Olympiad of Metropolises)",September,2017,06
"Codeforces Round 433 (Div. 2, based on Olympiad of Metropolises)",September,2017,06
Educational Codeforces Round 28,September,2017,05
"Codeforces Round 432 (Div. 1, based on IndiaHacks Final Round 2017)",September,2017,04
"Codeforces Round 432 (Div. 2, based on IndiaHacks Final Round 2017)",September,2017,04
Bubble Cup X - Finals [Online Mirror],September,2017,03
Codeforces Round 431 (Div. 1),September,2017,01
Codeforces Round 431 (Div. 2),September,2017,01
Codeforces Round 430 (Div. 2),August,2017,29
AIM Tech Round 4 (Div. 1),August,2017,25
AIM Tech Round 4 (Div. 2),August,2017,25
Educational Codeforces Round 27,August,2017,21
Codeforces Round 429 (Div. 1),August,2017,18
Codeforces Round 429 (Div. 2),August,2017,18
Codeforces Round 428 (Div. 2),August,2017,12
"IndiaHacks 2nd Elimination 2017 (unofficial, unrated mirror, ICPC rules)",August,2017,07
Educational Codeforces Round 26,August,2017,03
Codeforces Round 427 (Div. 2),July,2017,31
Codeforces Round 426 (Div. 1),July,2017,30
Codeforces Round 426 (Div. 2),July,2017,30
Codeforces Round 425 (Div. 2),July,2017,24
Educational Codeforces Round 25,July,2017,16
"Codeforces Round 424 (Div. 1, rated, based on VK Cup Finals)",July,2017,13
"Codeforces Round 424 (Div. 2, rated, based on VK Cup Finals)",July,2017,13
"Codeforces Round 423 (Div. 1, rated, based on VK Cup Finals)",July,2017,12
"Codeforces Round 423 (Div. 2, rated, based on VK Cup Finals)",July,2017,12
VK Cup 2017 - Finals,July,2017,09
VK Cup 2017 - Finals (practice session),July,2017,08
Codeforces Round 422 (Div. 2),July,2017,03
Educational Codeforces Round 24,June,2017,29
Codeforces Round 421 (Div. 1),June,2017,27
Codeforces Round 421 (Div. 2),June,2017,27
Codeforces Round 420 (Div. 2),June,2017,25
Codeforces Round 419 (Div. 1),June,2017,17
Codeforces Round 419 (Div. 2),June,2017,17
Educational Codeforces Round 23,June,2017,15
Codeforces Round 418 (Div. 2),June,2017,07
Educational Codeforces Round 22,June,2017,05
Codeforces Round 417 (Div. 2),June,2017,01
"Helvetic Coding Contest 2017 online mirror (teams allowed, unrated)",May,2017,28
Codeforces Round 416 (Div. 2),May,2017,27
Codeforces Round 415 (Div. 1),May,2017,21
Codeforces Round 415 (Div. 2),May,2017,21
Educational Codeforces Round 21,May,2017,15
"Tinkoff Challenge - Final Round (Codeforces Round 414, rated, Div. 1 + Div. 2)",May,2017,13
"Playrix Codescapes Cup (Codeforces Round 413, rated, Div. 1 + Div. 2)",May,2017,11
"Codeforces Round 412 (rated, Div. 1, based on VK Cup 2017 Round 3)",May,2017,07
"Codeforces Round 412 (rated, Div. 2, base on VK Cup 2017 Round 3)",May,2017,07
VK Cup 2017 - Round 3,May,2017,07
Codeforces Round 411 (Div. 1),May,2017,04
Codeforces Round 411 (Div. 2),May,2017,04
Educational Codeforces Round 20,April,2017,28
VK Cup 2017 - Wild Card Round 2,April,2017,26
Tinkoff Challenge - Elimination Round,April,2017,24
Codeforces Round 410 (Div. 2),April,2017,21
"Codeforces Round 409 (rated, Div. 1, based on VK Cup 2017 Round 2)",April,2017,16
"Codeforces Round 409 (rated, Div. 2, based on VK Cup 2017 Round 2)",April,2017,16
VK Cup 2017 - Round 2,April,2017,16
Educational Codeforces Round 19,April,2017,15
Codeforces Round 408 (Div. 2),April,2017,11
VK Cup 2017 - Wild Card Round 1,April,2017,05
VK Cup 2017 - Wild Card Round 1 (Unofficial Public Mirror),April,2017,05
April Fools Contest 2017,March,2017,31
Codeforces Round 407 (Div. 1),March,2017,30
Codeforces Round 407 (Div. 2),March,2017,30
Educational Codeforces Round 18,March,2017,27
Codeforces Round 406 (Div. 1),March,2017,23
Codeforces Round 406 (Div. 2),March,2017,23
"Codeforces Round 405 (rated, Div. 1, based on VK Cup 2017 Round 1)",March,2017,18
"Codeforces Round 405 (rated, Div. 2, based on VK Cup 2017 Round 1)",March,2017,18
VK Cup 2017 - Round 1,March,2017,18
Codeforces Round 404 (Div. 2),March,2017,15
VK Cup 2017 - Qualification 2,March,2017,11
"Codeforces Round 403 (Div. 1, based on Technocup 2017 Finals)",March,2017,05
"Codeforces Round 403 (Div. 2, based on Technocup 2017 Finals)",March,2017,05
VK Cup 2017 - Qualification 1,March,2017,04
Codeforces Round 402 (Div. 1),February,2017,26
Codeforces Round 402 (Div. 2),February,2017,26
Codeforces Round 401 (Div. 2),February,2017,24
"ICM Technex 2017 and Codeforces Round 400 (Div. 1 + Div. 2, combined)",February,2017,23
"Divide by Zero 2017 and Codeforces Round 399 (Div. 1 + Div. 2, combined)",February,2017,21
Codeforces Round 398 (Div. 2),February,2017,18
Codeforces Round 397 by Kaspersky Lab and Barcelona Bootcamp (Div. 1 + Div. 2 combined),February,2017,14
Codeforces Round 396 (Div. 2),February,2017,08
Codeforces Round 395 (Div. 1),February,2017,02
Codeforces Round 395 (Div. 2),February,2017,02
Codeforces Round 394 (Div. 2),January,2017,31
Educational Codeforces Round 17,January,2017,25
8VC Venture Cup 2017 - Final Round,January,2017,23
Codeforces Round 393 (Div. 1) (8VC Venture Cup 2017 - Final Round Div. 1 Edition),January,2017,23
Codeforces Round 393 (Div. 2) (8VC Venture Cup 2017 - Final Round Div. 2 Edition),January,2017,23
Codeforces Round 392 (Div. 2),January,2017,19
8VC Venture Cup 2017 - Elimination Round,January,2017,16
"Codecraft-17 and Codeforces Round 391 (Div. 1 + Div. 2, combined)",January,2017,12
Codeforces Round 390 (Div. 2),January,2017,06
Good Bye 2016,December,2016,30
Testing Round 13,December,2016,29
"Codeforces Round 389 (Div. 2, Rated, Based on Technocup 2017 - Elimination Round 3)",December,2016,25
Technocup 2017 - Elimination Round 3,December,2016,25
Codeforces Round 388 (Div. 2),December,2016,20
Codeforces Round 387 (Div. 2),December,2016,19
Codeforces Round 386 (Div. 2),December,2016,18
Codeforces Round 385 (Div. 1),December,2016,18
Codeforces Round 385 (Div. 2),December,2016,18
Codeforces Round 384 (Div. 2),December,2016,14
Codeforces Round 383 (Div. 1),December,2016,06
Codeforces Round 383 (Div. 2),December,2016,06
Codeforces Round 382 (Div. 1),November,2016,28
Codeforces Round 382 (Div. 2),November,2016,28
Codeforces Round 381 (Div. 1),November,2016,24
Codeforces Round 381 (Div. 2),November,2016,24
"Codeforces Round 380 (Div. 1, Rated, Based on Technocup 2017 - Elimination Round 2)",November,2016,20
"Codeforces Round 380 (Div. 2, Rated, Based on Technocup 2017 - Elimination Round 2)",November,2016,20
Technocup 2017 - Elimination Round 2,November,2016,20
Codeforces Round 379 (Div. 2),November,2016,16
Codeforces Round 378 (Div. 2),October,2016,31
"2016-2017 ACM-ICPC, NEERC, Southern Subregional Contest (Online Mirror, ACM-ICPC Rules, Teams Preferred)",October,2016,23
Canada Cup 2016,October,2016,22
Codeforces Round 377 (Div. 2),October,2016,17
Codeforces Round 376 (Div. 2),October,2016,16
"Technocup 2017 - Elimination Round 1 (Unofficially Open for Everyone, Rated for Div. 2)",October,2016,15
"Intel Code Challenge Final Round (Div. 1 + Div. 2, Combined)",October,2016,08
Codeforces Round 375 (Div. 2),October,2016,03
"Intel Code Challenge Elimination Round (Div. 1 + Div. 2, combined)",October,2016,01
Codeforces Round 374 (Div. 2),September,2016,30
Codeforces Round 373 (Div. 1),September,2016,23
Codeforces Round 373 (Div. 2),September,2016,23
"Russian Code Cup 2016 - Finals [Unofficial Mirror, Div. 1 Only Recommended]",September,2016,18
Codeforces Round 372 (Div. 1),September,2016,17
Codeforces Round 372 (Div. 2),September,2016,17
Codeforces Round 371 (Div. 1),September,2016,14
Codeforces Round 371 (Div. 2),September,2016,14
Bubble Cup 9 - Finals [Online Mirror],September,2016,11
Codeforces Round 370 (Div. 2),September,2016,11
Codeforces Round 369 (Div. 2),August,2016,29
AIM Tech Round 3 (Div. 1),August,2016,25
AIM Tech Round 3 (Div. 2),August,2016,25
Educational Codeforces Round 16,August,2016,22
Codeforces Round 368 (Div. 2),August,2016,20
Codeforces Round 367 (Div. 2),August,2016,12
Codeforces Round 366 (Div. 1),August,2016,07
Codeforces Round 366 (Div. 2),August,2016,07
Codeforces Round 365 (Div. 2),August,2016,04
Educational Codeforces Round 15,July,2016,29
Codeforces Round 364 (Div. 1),July,2016,23
Codeforces Round 364 (Div. 2),July,2016,23
Codeforces Round 363 (Div. 1),July,2016,19
Codeforces Round 363 (Div. 2),July,2016,19
Codeforces Round 362 (Div. 1),July,2016,15
Codeforces Round 362 (Div. 2),July,2016,15
Educational Codeforces Round 14,July,2016,14
"Helvetic Coding Contest 2016 online mirror (teams, unrated)",July,2016,10
Codeforces Round 361 (Div. 2),July,2016,07
VK Cup 2016 - Finals,July,2016,03
VK Cup 2016 - Finals (trial contest),July,2016,02
Codeforces Round 360 (Div. 1),June,2016,30
Codeforces Round 360 (Div. 2),June,2016,30
Codeforces Round 359 (Div. 1),June,2016,24
Codeforces Round 359 (Div. 2),June,2016,24
Codeforces Round 358 (Div. 2),June,2016,18
Surprise Language Round 8,June,2016,17
Codeforces Round 357 (Div. 2),June,2016,15
Educational Codeforces Round 13,June,2016,14
Codeforces Marathon Round 1,June,2016,12
Codeforces Round 356 (Div. 1),June,2016,09
Codeforces Round 356 (Div. 2),June,2016,09
Codeforces Round 355 (Div. 2),June,2016,02
Codeforces Round 354 (Div. 2),May,2016,25
Codeforces Round 353 (Div. 2),May,2016,17
Codeforces Round 352 (Div. 1),May,2016,12
Codeforces Round 352 (Div. 2),May,2016,12
"Codeforces Round 351 (VK Cup 2016 Round 3, Div. 1 Edition)",May,2016,07
"Codeforces Round 351 (VK Cup 2016 Round 3, Div. 2 Edition)",May,2016,07
VK Cup 2016 - Round 3,May,2016,07
Codeforces Round 350 (Div. 2),May,2016,06
Codeforces Round 349 (Div. 1),April,2016,30
Codeforces Round 349 (Div. 2),April,2016,30
VK Cup 2016 - Wild Card Round 2,April,2016,25
"Codeforces Round 348 (VK Cup 2016 Round 2, Div. 1 Edition)",April,2016,25
"Codeforces Round 348 (VK Cup 2016 Round 2, Div. 2 Edition)",April,2016,25
VK Cup 2016 - Round 2,April,2016,25
Educational Codeforces Round 12,April,2016,20
Codeforces Round 347 (Div. 1),April,2016,17
Codeforces Round 347 (Div. 2),April,2016,17
"CROC 2016 - Final Round [Private, For Onsite Finalists Only]",April,2016,15
VK Cup 2016 - Wild Card Round 1,April,2016,11
VK Cup 2016 - Wild Card Round 1 (Unofficial Open Online Mirror),April,2016,11
Educational Codeforces Round 11,April,2016,08
April Fools Day Contest 2016,April,2016,02
Codeforces Round 346 (Div. 2),March,2016,31
VK Cup 2016 - Round 1,March,2016,29
VK Cup 2016 - Round 1 (Div. 2 Edition),March,2016,29
VK Cup 2016 - Round 1 (Div.1 Edition),March,2016,29
Educational Codeforces Round 10,March,2016,25
VK Cup 2016 - Qualification Round 2,March,2016,20
IndiaHacks 2016 - Online Edition (Div. 1 + Div. 2),March,2016,19
CROC 2016 - Elimination Round,March,2016,19
CROC 2016 - Elimination Round (Rated Unofficial Edition),March,2016,19
CROC 2016 - Qualification,March,2016,16
VK Cup 2016 - Qualification Round 1,March,2016,13
Codeforces Round 345 (Div. 1),March,2016,07
Codeforces Round 345 (Div. 2),March,2016,07
Codeforces Round 344 (Div. 2),March,2016,04
Educational Codeforces Round 9,March,2016,01
VeeRoute Marathon,March,2016,01
8VC Venture Cup 2016 - Final Round,February,2016,29
8VC Venture Cup 2016 - Final Round (Div. 1 Edition),February,2016,29
8VC Venture Cup 2016 - Final Round (Div. 2 Edition),February,2016,29
"Manthan, Codefest 16",February,2016,27
Codeforces Round 343 (Div. 2),February,2016,21
Educational Codeforces Round 8,February,2016,19
Experimental Educational Round: VolBIT Formulas Blitz,February,2016,18
8VC Venture Cup 2016 - Elimination Round,February,2016,14
Educational Codeforces Round 7,February,2016,10
Codeforces Round 342 (Div. 2),February,2016,07
AIM Tech Round (Div. 1),February,2016,05
AIM Tech Round (Div. 2),February,2016,05
Codeforces Round 341 (Div. 2),January,2016,31
Wunder Fund Round 2016 (Div. 1 + Div. 2 combined),January,2016,30
Codeforces Round 340 (Div. 2),January,2016,23
Educational Codeforces Round 6,January,2016,21
Codeforces Round 339 (Div. 1),January,2016,15
Codeforces Round 339 (Div. 2),January,2016,15
Educational Codeforces Round 5,January,2016,11
Codeforces Round 338 (Div. 2),January,2016,08